datetime_collected,status,primary_source,collection_mode,timestamp,value
2026-09-02,success,True,rolling,2026-06-02,51
2026-09-02,success,True,rolling,2026-06-03,0
2026-09-02,success,True,rolling,2026-06-04,0
2026-09-02,success,True,rolling,2026-06-05,0
2026-09-02,success,True,rolling,2026-06-06,0
2026-09-02,success,True,rolling,2026-06-07,0
2026-09-02,success,True,rolling,2026-06-08,0
2026-09-02,success,True,rolling,2026-06-09,0
2026-09-02,success,True,rolling,2026-06-10,0
2026-09-02,success,True,rolling,2026-06-11,47
2026-09-02,success,True,rolling,2026-06-12,0
2026-09-02,success,True,rolling,2026-06-13,0
2026-09-02,success,True,rolling,2026-06-14,0
2026-09-02,success,True,rolling,2026-06-15,0
2026-09-02,success,True,rolling,2026-06-16,0
2026-09-02,success,True,rolling,2026-06-17,0
2026-09-02,success,True,rolling,2026-06-18,0
2026-09-02,success,True,rolling,2026-06-19,0
2026-09-02,success,True,rolling,2026-06-20,0
2026-09-02,success,True,rolling,2026-06-21,0
2026-09-02,success,True,rolling,2026-06-22,0
2026-09-02,success,True,rolling,2026-06-23,0
2026-09-02,success,True,rolling,2026-06-24,44
2026-09-02,success,True,rolling,2026-06-25,0
2026-09-02,success,True,rolling,2026-06-26,0
2026-09-02,success,True,rolling,2026-06-27,0
2026-09-02,success,True,rolling,2026-06-28,0
2026-09-02,success,True,rolling,2026-06-29,47
2026-09-02,success,True,rolling,2026-06-30,45
2026-09-02,success,True,rolling,2026-07-01,0
2026-09-02,success,True,rolling,2026-07-02,0
2026-09-02,success,True,rolling,2026-07-03,0
2026-09-02,success,True,rolling,2026-07-04,0
2026-09-02,success,True,rolling,2026-07-05,0
2026-09-02,success,True,rolling,2026-07-06,52
2026-09-02,success,True,rolling,2026-07-07,63
2026-09-02,success,True,rolling,2026-07-08,93
2026-09-02,success,True,rolling,2026-07-09,64
2026-09-02,success,True,rolling,2026-07-10,0
2026-09-02,success,True,rolling,2026-07-11,0
2026-09-02,success,True,rolling,2026-07-12,59
2026-09-02,success,True,rolling,2026-07-13,75
2026-09-02,success,True,rolling,2026-07-14,86
2026-09-02,success,True,rolling,2026-07-15,0
2026-09-02,success,True,rolling,2026-07-16,76
2026-09-02,success,True,rolling,2026-07-17,0
2026-09-02,success,True,rolling,2026-07-18,0
2026-09-02,success,True,rolling,2026-07-19,0
2026-09-02,success,True,rolling,2026-07-20,0
2026-09-02,success,True,rolling,2026-07-21,0
2026-09-02,success,True,rolling,2026-07-22,0
2026-09-02,success,True,rolling,2026-07-23,57
2026-09-02,success,True,rolling,2026-07-24,0
2026-09-02,success,True,rolling,2026-07-25,72
2026-09-02,success,True,rolling,2026-07-26,0
2026-09-02,success,True,rolling,2026-07-27,0
2026-09-02,success,True,rolling,2026-07-28,51
2026-09-02,success,True,rolling,2026-07-29,55
2026-09-02,success,True,rolling,2026-07-30,100
2026-09-02,success,True,rolling,2026-07-31,82
2026-09-02,success,True,rolling,2026-08-01,95
2026-09-02,success,True,rolling,2026-08-02,71
2026-09-02,success,True,rolling,2026-08-03,55
2026-09-02,success,True,rolling,2026-08-04,59
2026-09-02,success,True,rolling,2026-08-05,62
2026-09-02,success,True,rolling,2026-08-06,61
2026-09-02,success,True,rolling,2026-08-07,0
2026-09-02,success,True,rolling,2026-08-08,0
2026-09-02,success,True,rolling,2026-08-09,0
2026-09-02,success,True,rolling,2026-08-10,53
2026-09-02,success,True,rolling,2026-08-11,49
2026-09-02,success,True,rolling,2026-08-12,0
2026-09-02,success,True,rolling,2026-08-13,67
2026-09-02,success,True,rolling,2026-08-14,0
2026-09-02,success,True,rolling,2026-08-15,0
2026-09-02,success,True,rolling,2026-08-16,0
2026-09-02,success,True,rolling,2026-08-17,44
2026-09-02,success,True,rolling,2026-08-18,50
2026-09-02,success,True,rolling,2026-08-19,44
2026-09-02,success,True,rolling,2026-08-20,44
2026-09-02,success,True,rolling,2026-08-21,35
2026-09-02,success,True,rolling,2026-08-22,41
2026-09-02,success,True,rolling,2026-08-23,51
2026-09-02,success,True,rolling,2026-08-24,58
2026-09-02,success,True,rolling,2026-08-25,60
2026-09-02,success,True,rolling,2026-08-26,61
2026-09-02,success,True,rolling,2026-08-27,62
2026-09-02,success,True,rolling,2026-08-28,51
2026-09-02,success,True,rolling,2026-08-29,37
2026-09-02,success,True,rolling,2026-08-30,42
2026-09-02,success,True,rolling,2026-08-31,47
2026-09-02,success,True,rolling,2026-09-01,54
2026-09-02,success,True,rolling,2026-09-02,47
2026-09-03,success,True,rolling,2026-06-03,0
2026-09-03,success,True,rolling,2026-06-04,0
2026-09-03,success,True,rolling,2026-06-05,0
2026-09-03,success,True,rolling,2026-06-06,0
2026-09-03,success,True,rolling,2026-06-07,0
2026-09-03,success,True,rolling,2026-06-08,0
2026-09-03,success,True,rolling,2026-06-09,0
2026-09-03,success,True,rolling,2026-06-10,0
2026-09-03,success,True,rolling,2026-06-11,0
2026-09-03,success,True,rolling,2026-06-12,0
2026-09-03,success,True,rolling,2026-06-13,0
2026-09-03,success,True,rolling,2026-06-14,0
2026-09-03,success,True,rolling,2026-06-15,0
2026-09-03,success,True,rolling,2026-06-16,0
2026-09-03,success,True,rolling,2026-06-17,0
2026-09-03,success,True,rolling,2026-06-18,0
2026-09-03,success,True,rolling,2026-06-19,0
2026-09-03,success,True,rolling,2026-06-20,0
2026-09-03,success,True,rolling,2026-06-21,0
2026-09-03,success,True,rolling,2026-06-22,0
2026-09-03,success,True,rolling,2026-06-23,54
2026-09-03,success,True,rolling,2026-06-24,0
2026-09-03,success,True,rolling,2026-06-25,41
2026-09-03,success,True,rolling,2026-06-26,0
2026-09-03,success,True,rolling,2026-06-27,0
2026-09-03,success,True,rolling,2026-06-28,0
2026-09-03,success,True,rolling,2026-06-29,0
2026-09-03,success,True,rolling,2026-06-30,48
2026-09-03,success,True,rolling,2026-07-01,56
2026-09-03,success,True,rolling,2026-07-02,68
2026-09-03,success,True,rolling,2026-07-03,0
2026-09-03,success,True,rolling,2026-07-04,0
2026-09-03,success,True,rolling,2026-07-05,62
2026-09-03,success,True,rolling,2026-07-06,54
2026-09-03,success,True,rolling,2026-07-07,0
2026-09-03,success,True,rolling,2026-07-08,68
2026-09-03,success,True,rolling,2026-07-09,73
2026-09-03,success,True,rolling,2026-07-10,0
2026-09-03,success,True,rolling,2026-07-11,53
2026-09-03,success,True,rolling,2026-07-12,62
2026-09-03,success,True,rolling,2026-07-13,74
2026-09-03,success,True,rolling,2026-07-14,45
2026-09-03,success,True,rolling,2026-07-15,0
2026-09-03,success,True,rolling,2026-07-16,55
2026-09-03,success,True,rolling,2026-07-17,0
2026-09-03,success,True,rolling,2026-07-18,0
2026-09-03,success,True,rolling,2026-07-19,0
2026-09-03,success,True,rolling,2026-07-20,0
2026-09-03,success,True,rolling,2026-07-21,0
2026-09-03,success,True,rolling,2026-07-22,55
2026-09-03,success,True,rolling,2026-07-23,65
2026-09-03,success,True,rolling,2026-07-24,0
2026-09-03,success,True,rolling,2026-07-25,0
2026-09-03,success,True,rolling,2026-07-26,0
2026-09-03,success,True,rolling,2026-07-27,54
2026-09-03,success,True,rolling,2026-07-28,0
2026-09-03,success,True,rolling,2026-07-29,52
2026-09-03,success,True,rolling,2026-07-30,100
2026-09-03,success,True,rolling,2026-07-31,56
2026-09-03,success,True,rolling,2026-08-01,85
2026-09-03,success,True,rolling,2026-08-02,77
2026-09-03,success,True,rolling,2026-08-03,48
2026-09-03,success,True,rolling,2026-08-04,70
2026-09-03,success,True,rolling,2026-08-05,63
2026-09-03,success,True,rolling,2026-08-06,53
2026-09-03,success,True,rolling,2026-08-07,46
2026-09-03,success,True,rolling,2026-08-08,0
2026-09-03,success,True,rolling,2026-08-09,0
2026-09-03,success,True,rolling,2026-08-10,50
2026-09-03,success,True,rolling,2026-08-11,46
2026-09-03,success,True,rolling,2026-08-12,0
2026-09-03,success,True,rolling,2026-08-13,66
2026-09-03,success,True,rolling,2026-08-14,0
2026-09-03,success,True,rolling,2026-08-15,0
2026-09-03,success,True,rolling,2026-08-16,0
2026-09-03,success,True,rolling,2026-08-17,0
2026-09-03,success,True,rolling,2026-08-18,53
2026-09-03,success,True,rolling,2026-08-19,0
2026-09-03,success,True,rolling,2026-08-20,41
2026-09-03,success,True,rolling,2026-08-21,34
2026-09-03,success,True,rolling,2026-08-22,38
2026-09-03,success,True,rolling,2026-08-23,48
2026-09-03,success,True,rolling,2026-08-24,53
2026-09-03,success,True,rolling,2026-08-25,54
2026-09-03,success,True,rolling,2026-08-26,59
2026-09-03,success,True,rolling,2026-08-27,57
2026-09-03,success,True,rolling,2026-08-28,48
2026-09-03,success,True,rolling,2026-08-29,34
2026-09-03,success,True,rolling,2026-08-30,40
2026-09-03,success,True,rolling,2026-08-31,44
2026-09-03,success,True,rolling,2026-09-01,49
2026-09-03,success,True,rolling,2026-09-02,40
2026-09-03,success,True,rolling,2026-09-03,43
2026-09-04,success,True,rolling,2026-06-04,0
2026-09-04,success,True,rolling,2026-06-05,0
2026-09-04,success,True,rolling,2026-06-06,0
2026-09-04,success,True,rolling,2026-06-07,0
2026-09-04,success,True,rolling,2026-06-08,0
2026-09-04,success,True,rolling,2026-06-09,0
2026-09-04,success,True,rolling,2026-06-10,0
2026-09-04,success,True,rolling,2026-06-11,0
2026-09-04,success,True,rolling,2026-06-12,0
2026-09-04,success,True,rolling,2026-06-13,0
2026-09-04,success,True,rolling,2026-06-14,0
2026-09-04,success,True,rolling,2026-06-15,0
2026-09-04,success,True,rolling,2026-06-16,0
2026-09-04,success,True,rolling,2026-06-17,0
2026-09-04,success,True,rolling,2026-06-18,0
2026-09-04,success,True,rolling,2026-06-19,0
2026-09-04,success,True,rolling,2026-06-20,0
2026-09-04,success,True,rolling,2026-06-21,93
2026-09-04,success,True,rolling,2026-06-22,0
2026-09-04,success,True,rolling,2026-06-23,75
2026-09-04,success,True,rolling,2026-06-24,0
2026-09-04,success,True,rolling,2026-06-25,50
2026-09-04,success,True,rolling,2026-06-26,0
2026-09-04,success,True,rolling,2026-06-27,0
2026-09-04,success,True,rolling,2026-06-28,0
2026-09-04,success,True,rolling,2026-06-29,49
2026-09-04,success,True,rolling,2026-06-30,0
2026-09-04,success,True,rolling,2026-07-01,0
2026-09-04,success,True,rolling,2026-07-02,0
2026-09-04,success,True,rolling,2026-07-03,0
2026-09-04,success,True,rolling,2026-07-04,0
2026-09-04,success,True,rolling,2026-07-05,0
2026-09-04,success,True,rolling,2026-07-06,0
2026-09-04,success,True,rolling,2026-07-07,55
2026-09-04,success,True,rolling,2026-07-08,67
2026-09-04,success,True,rolling,2026-07-09,51
2026-09-04,success,True,rolling,2026-07-10,0
2026-09-04,success,True,rolling,2026-07-11,0
2026-09-04,success,True,rolling,2026-07-12,60
2026-09-04,success,True,rolling,2026-07-13,77
2026-09-04,success,True,rolling,2026-07-14,57
2026-09-04,success,True,rolling,2026-07-15,0
2026-09-04,success,True,rolling,2026-07-16,59
2026-09-04,success,True,rolling,2026-07-17,0
2026-09-04,success,True,rolling,2026-07-18,64
2026-09-04,success,True,rolling,2026-07-19,0
2026-09-04,success,True,rolling,2026-07-20,0
2026-09-04,success,True,rolling,2026-07-21,54
2026-09-04,success,True,rolling,2026-07-22,0
2026-09-04,success,True,rolling,2026-07-23,57
2026-09-04,success,True,rolling,2026-07-24,0
2026-09-04,success,True,rolling,2026-07-25,0
2026-09-04,success,True,rolling,2026-07-26,0
2026-09-04,success,True,rolling,2026-07-27,0
2026-09-04,success,True,rolling,2026-07-28,56
2026-09-04,success,True,rolling,2026-07-29,52
2026-09-04,success,True,rolling,2026-07-30,100
2026-09-04,success,True,rolling,2026-07-31,77
2026-09-04,success,True,rolling,2026-08-01,100
2026-09-04,success,True,rolling,2026-08-02,75
2026-09-04,success,True,rolling,2026-08-03,58
2026-09-04,success,True,rolling,2026-08-04,71
2026-09-04,success,True,rolling,2026-08-05,0
2026-09-04,success,True,rolling,2026-08-06,47
2026-09-04,success,True,rolling,2026-08-07,0
2026-09-04,success,True,rolling,2026-08-08,0
2026-09-04,success,True,rolling,2026-08-09,0
2026-09-04,success,True,rolling,2026-08-10,75
2026-09-04,success,True,rolling,2026-08-11,51
2026-09-04,success,True,rolling,2026-08-12,0
2026-09-04,success,True,rolling,2026-08-13,44
2026-09-04,success,True,rolling,2026-08-14,0
2026-09-04,success,True,rolling,2026-08-15,0
2026-09-04,success,True,rolling,2026-08-16,67
2026-09-04,success,True,rolling,2026-08-17,0
2026-09-04,success,True,rolling,2026-08-18,53
2026-09-04,success,True,rolling,2026-08-19,0
2026-09-04,success,True,rolling,2026-08-20,0
2026-09-04,success,True,rolling,2026-08-21,37
2026-09-04,success,True,rolling,2026-08-22,41
2026-09-04,success,True,rolling,2026-08-23,51
2026-09-04,success,True,rolling,2026-08-24,56
2026-09-04,success,True,rolling,2026-08-25,65
2026-09-04,success,True,rolling,2026-08-26,63
2026-09-04,success,True,rolling,2026-08-27,60
2026-09-04,success,True,rolling,2026-08-28,53
2026-09-04,success,True,rolling,2026-08-29,36
2026-09-04,success,True,rolling,2026-08-30,43
2026-09-04,success,True,rolling,2026-08-31,47
2026-09-04,success,True,rolling,2026-09-01,53
2026-09-04,success,True,rolling,2026-09-02,46
2026-09-04,success,True,rolling,2026-09-03,47
2026-09-04,success,True,rolling,2026-09-04,41
2026-09-04,success,True,rolling,2026-06-04,0
2026-09-04,success,True,rolling,2026-06-05,0
2026-09-04,success,True,rolling,2026-06-06,0
2026-09-04,success,True,rolling,2026-06-07,0
2026-09-04,success,True,rolling,2026-06-08,0
2026-09-04,success,True,rolling,2026-06-09,0
2026-09-04,success,True,rolling,2026-06-10,0
2026-09-04,success,True,rolling,2026-06-11,0
2026-09-04,success,True,rolling,2026-06-12,0
2026-09-04,success,True,rolling,2026-06-13,0
2026-09-04,success,True,rolling,2026-06-14,0
2026-09-04,success,True,rolling,2026-06-15,0
2026-09-04,success,True,rolling,2026-06-16,0
2026-09-04,success,True,rolling,2026-06-17,0
2026-09-04,success,True,rolling,2026-06-18,0
2026-09-04,success,True,rolling,2026-06-19,0
2026-09-04,success,True,rolling,2026-06-20,0
2026-09-04,success,True,rolling,2026-06-21,93
2026-09-04,success,True,rolling,2026-06-22,0
2026-09-04,success,True,rolling,2026-06-23,75
2026-09-04,success,True,rolling,2026-06-24,0
2026-09-04,success,True,rolling,2026-06-25,50
2026-09-04,success,True,rolling,2026-06-26,0
2026-09-04,success,True,rolling,2026-06-27,0
2026-09-04,success,True,rolling,2026-06-28,0
2026-09-04,success,True,rolling,2026-06-29,49
2026-09-04,success,True,rolling,2026-06-30,0
2026-09-04,success,True,rolling,2026-07-01,0
2026-09-04,success,True,rolling,2026-07-02,0
2026-09-04,success,True,rolling,2026-07-03,0
2026-09-04,success,True,rolling,2026-07-04,0
2026-09-04,success,True,rolling,2026-07-05,0
2026-09-04,success,True,rolling,2026-07-06,0
2026-09-04,success,True,rolling,2026-07-07,55
2026-09-04,success,True,rolling,2026-07-08,67
2026-09-04,success,True,rolling,2026-07-09,51
2026-09-04,success,True,rolling,2026-07-10,0
2026-09-04,success,True,rolling,2026-07-11,0
2026-09-04,success,True,rolling,2026-07-12,60
2026-09-04,success,True,rolling,2026-07-13,77
2026-09-04,success,True,rolling,2026-07-14,57
2026-09-04,success,True,rolling,2026-07-15,0
2026-09-04,success,True,rolling,2026-07-16,59
2026-09-04,success,True,rolling,2026-07-17,0
2026-09-04,success,True,rolling,2026-07-18,64
2026-09-04,success,True,rolling,2026-07-19,0
2026-09-04,success,True,rolling,2026-07-20,0
2026-09-04,success,True,rolling,2026-07-21,54
2026-09-04,success,True,rolling,2026-07-22,0
2026-09-04,success,True,rolling,2026-07-23,57
2026-09-04,success,True,rolling,2026-07-24,0
2026-09-04,success,True,rolling,2026-07-25,0
2026-09-04,success,True,rolling,2026-07-26,0
2026-09-04,success,True,rolling,2026-07-27,0
2026-09-04,success,True,rolling,2026-07-28,56
2026-09-04,success,True,rolling,2026-07-29,52
2026-09-04,success,True,rolling,2026-07-30,100
2026-09-04,success,True,rolling,2026-07-31,77
2026-09-04,success,True,rolling,2026-08-01,100
2026-09-04,success,True,rolling,2026-08-02,75
2026-09-04,success,True,rolling,2026-08-03,58
2026-09-04,success,True,rolling,2026-08-04,71
2026-09-04,success,True,rolling,2026-08-05,0
2026-09-04,success,True,rolling,2026-08-06,47
2026-09-04,success,True,rolling,2026-08-07,0
2026-09-04,success,True,rolling,2026-08-08,0
2026-09-04,success,True,rolling,2026-08-09,0
2026-09-04,success,True,rolling,2026-08-10,75
2026-09-04,success,True,rolling,2026-08-11,51
2026-09-04,success,True,rolling,2026-08-12,0
2026-09-04,success,True,rolling,2026-08-13,44
2026-09-04,success,True,rolling,2026-08-14,0
2026-09-04,success,True,rolling,2026-08-15,0
2026-09-04,success,True,rolling,2026-08-16,67
2026-09-04,success,True,rolling,2026-08-17,0
2026-09-04,success,True,rolling,2026-08-18,53
2026-09-04,success,True,rolling,2026-08-19,0
2026-09-04,success,True,rolling,2026-08-20,0
2026-09-04,success,True,rolling,2026-08-21,36
2026-09-04,success,True,rolling,2026-08-22,41
2026-09-04,success,True,rolling,2026-08-23,54
2026-09-04,success,True,rolling,2026-08-24,57
2026-09-04,success,True,rolling,2026-08-25,62
2026-09-04,success,True,rolling,2026-08-26,63
2026-09-04,success,True,rolling,2026-08-27,61
2026-09-04,success,True,rolling,2026-08-28,54
2026-09-04,success,True,rolling,2026-08-29,36
2026-09-04,success,True,rolling,2026-08-30,43
2026-09-04,success,True,rolling,2026-08-31,46
2026-09-04,success,True,rolling,2026-09-01,54
2026-09-04,success,True,rolling,2026-09-02,45
2026-09-04,success,True,rolling,2026-09-03,49
2026-09-04,success,True,rolling,2026-09-04,39
2026-09-05,success,True,rolling,2026-06-05,0
2026-09-05,success,True,rolling,2026-06-06,0
2026-09-05,success,True,rolling,2026-06-07,0
2026-09-05,success,True,rolling,2026-06-08,0
2026-09-05,success,True,rolling,2026-06-09,0
2026-09-05,success,True,rolling,2026-06-10,0
2026-09-05,success,True,rolling,2026-06-11,0
2026-09-05,success,True,rolling,2026-06-12,0
2026-09-05,success,True,rolling,2026-06-13,0
2026-09-05,success,True,rolling,2026-06-14,0
2026-09-05,success,True,rolling,2026-06-15,0
2026-09-05,success,True,rolling,2026-06-16,0
2026-09-05,success,True,rolling,2026-06-17,0
2026-09-05,success,True,rolling,2026-06-18,0
2026-09-05,success,True,rolling,2026-06-19,0
2026-09-05,success,True,rolling,2026-06-20,0
2026-09-05,success,True,rolling,2026-06-21,0
2026-09-05,success,True,rolling,2026-06-22,0
2026-09-05,success,True,rolling,2026-06-23,49
2026-09-05,success,True,rolling,2026-06-24,0
2026-09-05,success,True,rolling,2026-06-25,38
2026-09-05,success,True,rolling,2026-06-26,0
2026-09-05,success,True,rolling,2026-06-27,0
2026-09-05,success,True,rolling,2026-06-28,0
2026-09-05,success,True,rolling,2026-06-29,0
2026-09-05,success,True,rolling,2026-06-30,0
2026-09-05,success,True,rolling,2026-07-01,0
2026-09-05,success,True,rolling,2026-07-02,0
2026-09-05,success,True,rolling,2026-07-03,0
2026-09-05,success,True,rolling,2026-07-04,0
2026-09-05,success,True,rolling,2026-07-05,0
2026-09-05,success,True,rolling,2026-07-06,0
2026-09-05,success,True,rolling,2026-07-07,42
2026-09-05,success,True,rolling,2026-07-08,0
2026-09-05,success,True,rolling,2026-07-09,42
2026-09-05,success,True,rolling,2026-07-10,0
2026-09-05,success,True,rolling,2026-07-11,0
2026-09-05,success,True,rolling,2026-07-12,0
2026-09-05,success,True,rolling,2026-07-13,40
2026-09-05,success,True,rolling,2026-07-14,0
2026-09-05,success,True,rolling,2026-07-15,0
2026-09-05,success,True,rolling,2026-07-16,52
2026-09-05,success,True,rolling,2026-07-17,0
2026-09-05,success,True,rolling,2026-07-18,0
2026-09-05,success,True,rolling,2026-07-19,0
2026-09-05,success,True,rolling,2026-07-20,0
2026-09-05,success,True,rolling,2026-07-21,36
2026-09-05,success,True,rolling,2026-07-22,42
2026-09-05,success,True,rolling,2026-07-23,50
2026-09-05,success,True,rolling,2026-07-24,0
2026-09-05,success,True,rolling,2026-07-25,41
2026-09-05,success,True,rolling,2026-07-26,0
2026-09-05,success,True,rolling,2026-07-27,0
2026-09-05,success,True,rolling,2026-07-28,61
2026-09-05,success,True,rolling,2026-07-29,44
2026-09-05,success,True,rolling,2026-07-30,100
2026-09-05,success,True,rolling,2026-07-31,66
2026-09-05,success,True,rolling,2026-08-01,75
2026-09-05,success,True,rolling,2026-08-02,55
2026-09-05,success,True,rolling,2026-08-03,40
2026-09-05,success,True,rolling,2026-08-04,56
2026-09-05,success,True,rolling,2026-08-05,42
2026-09-05,success,True,rolling,2026-08-06,0
2026-09-05,success,True,rolling,2026-08-07,0
2026-09-05,success,True,rolling,2026-08-08,0
2026-09-05,success,True,rolling,2026-08-09,0
2026-09-05,success,True,rolling,2026-08-10,40
2026-09-05,success,True,rolling,2026-08-11,38
2026-09-05,success,True,rolling,2026-08-12,0
2026-09-05,success,True,rolling,2026-08-13,58
2026-09-05,success,True,rolling,2026-08-14,41
2026-09-05,success,True,rolling,2026-08-15,0
2026-09-05,success,True,rolling,2026-08-16,55
2026-09-05,success,True,rolling,2026-08-17,0
2026-09-05,success,True,rolling,2026-08-18,41
2026-09-05,success,True,rolling,2026-08-19,36
2026-09-05,success,True,rolling,2026-08-20,0
2026-09-05,success,True,rolling,2026-08-21,0
2026-09-05,success,True,rolling,2026-08-22,31
2026-09-05,success,True,rolling,2026-08-23,39
2026-09-05,success,True,rolling,2026-08-24,44
2026-09-05,success,True,rolling,2026-08-25,47
2026-09-05,success,True,rolling,2026-08-26,48
2026-09-05,success,True,rolling,2026-08-27,46
2026-09-05,success,True,rolling,2026-08-28,41
2026-09-05,success,True,rolling,2026-08-29,29
2026-09-05,success,True,rolling,2026-08-30,32
2026-09-05,success,True,rolling,2026-08-31,37
2026-09-05,success,True,rolling,2026-09-01,40
2026-09-05,success,True,rolling,2026-09-02,35
2026-09-05,success,True,rolling,2026-09-03,36
2026-09-05,success,True,rolling,2026-09-04,31
2026-09-05,success,True,rolling,2026-09-05,25
2026-09-06,success,True,rolling,2026-06-06,0
2026-09-06,success,True,rolling,2026-06-07,0
2026-09-06,success,True,rolling,2026-06-08,0
2026-09-06,success,True,rolling,2026-06-09,0
2026-09-06,success,True,rolling,2026-06-10,0
2026-09-06,success,True,rolling,2026-06-11,0
2026-09-06,success,True,rolling,2026-06-12,0
2026-09-06,success,True,rolling,2026-06-13,0
2026-09-06,success,True,rolling,2026-06-14,0
2026-09-06,success,True,rolling,2026-06-15,0
2026-09-06,success,True,rolling,2026-06-16,0
2026-09-06,success,True,rolling,2026-06-17,0
2026-09-06,success,True,rolling,2026-06-18,0
2026-09-06,success,True,rolling,2026-06-19,0
2026-09-06,success,True,rolling,2026-06-20,0
2026-09-06,success,True,rolling,2026-06-21,0
2026-09-06,success,True,rolling,2026-06-22,38
2026-09-06,success,True,rolling,2026-06-23,0
2026-09-06,success,True,rolling,2026-06-24,0
2026-09-06,success,True,rolling,2026-06-25,0
2026-09-06,success,True,rolling,2026-06-26,0
2026-09-06,success,True,rolling,2026-06-27,0
2026-09-06,success,True,rolling,2026-06-28,0
2026-09-06,success,True,rolling,2026-06-29,0
2026-09-06,success,True,rolling,2026-06-30,0
2026-09-06,success,True,rolling,2026-07-01,0
2026-09-06,success,True,rolling,2026-07-02,40
2026-09-06,success,True,rolling,2026-07-03,0
2026-09-06,success,True,rolling,2026-07-04,0
2026-09-06,success,True,rolling,2026-07-05,0
2026-09-06,success,True,rolling,2026-07-06,0
2026-09-06,success,True,rolling,2026-07-07,43
2026-09-06,success,True,rolling,2026-07-08,45
2026-09-06,success,True,rolling,2026-07-09,47
2026-09-06,success,True,rolling,2026-07-10,0
2026-09-06,success,True,rolling,2026-07-11,0
2026-09-06,success,True,rolling,2026-07-12,46
2026-09-06,success,True,rolling,2026-07-13,38
2026-09-06,success,True,rolling,2026-07-14,36
2026-09-06,success,True,rolling,2026-07-15,0
2026-09-06,success,True,rolling,2026-07-16,49
2026-09-06,success,True,rolling,2026-07-17,0
2026-09-06,success,True,rolling,2026-07-18,0
2026-09-06,success,True,rolling,2026-07-19,0
2026-09-06,success,True,rolling,2026-07-20,0
2026-09-06,success,True,rolling,2026-07-21,67
2026-09-06,success,True,rolling,2026-07-22,37
2026-09-06,success,True,rolling,2026-07-23,0
2026-09-06,success,True,rolling,2026-07-24,0
2026-09-06,success,True,rolling,2026-07-25,0
2026-09-06,success,True,rolling,2026-07-26,0
2026-09-06,success,True,rolling,2026-07-27,51
2026-09-06,success,True,rolling,2026-07-28,41
2026-09-06,success,True,rolling,2026-07-29,35
2026-09-06,success,True,rolling,2026-07-30,85
2026-09-06,success,True,rolling,2026-07-31,100
2026-09-06,success,True,rolling,2026-08-01,64
2026-09-06,success,True,rolling,2026-08-02,51
2026-09-06,success,True,rolling,2026-08-03,38
2026-09-06,success,True,rolling,2026-08-04,51
2026-09-06,success,True,rolling,2026-08-05,50
2026-09-06,success,True,rolling,2026-08-06,38
2026-09-06,success,True,rolling,2026-08-07,0
2026-09-06,success,True,rolling,2026-08-08,0
2026-09-06,success,True,rolling,2026-08-09,0
2026-09-06,success,True,rolling,2026-08-10,37
2026-09-06,success,True,rolling,2026-08-11,31
2026-09-06,success,True,rolling,2026-08-12,36
2026-09-06,success,True,rolling,2026-08-13,49
2026-09-06,success,True,rolling,2026-08-14,0
2026-09-06,success,True,rolling,2026-08-15,0
2026-09-06,success,True,rolling,2026-08-16,58
2026-09-06,success,True,rolling,2026-08-17,0
2026-09-06,success,True,rolling,2026-08-18,37
2026-09-06,success,True,rolling,2026-08-19,33
2026-09-06,success,True,rolling,2026-08-20,44
2026-09-06,success,True,rolling,2026-08-21,54
2026-09-06,success,True,rolling,2026-08-22,0
2026-09-06,success,True,rolling,2026-08-23,38
2026-09-06,success,True,rolling,2026-08-24,44
2026-09-06,success,True,rolling,2026-08-25,46
2026-09-06,success,True,rolling,2026-08-26,47
2026-09-06,success,True,rolling,2026-08-27,46
2026-09-06,success,True,rolling,2026-08-28,40
2026-09-06,success,True,rolling,2026-08-29,27
2026-09-06,success,True,rolling,2026-08-30,33
2026-09-06,success,True,rolling,2026-08-31,36
2026-09-06,success,True,rolling,2026-09-01,38
2026-09-06,success,True,rolling,2026-09-02,33
2026-09-06,success,True,rolling,2026-09-03,36
2026-09-06,success,True,rolling,2026-09-04,30
2026-09-06,success,True,rolling,2026-09-05,27
2026-09-06,success,True,rolling,2026-09-06,33
2026-09-07,success,True,rolling,2026-06-07,0
2026-09-07,success,True,rolling,2026-06-08,0
2026-09-07,success,True,rolling,2026-06-09,0
2026-09-07,success,True,rolling,2026-06-10,43
2026-09-07,success,True,rolling,2026-06-11,0
2026-09-07,success,True,rolling,2026-06-12,0
2026-09-07,success,True,rolling,2026-06-13,0
2026-09-07,success,True,rolling,2026-06-14,0
2026-09-07,success,True,rolling,2026-06-15,0
2026-09-07,success,True,rolling,2026-06-16,0
2026-09-07,success,True,rolling,2026-06-17,0
2026-09-07,success,True,rolling,2026-06-18,0
2026-09-07,success,True,rolling,2026-06-19,42
2026-09-07,success,True,rolling,2026-06-20,0
2026-09-07,success,True,rolling,2026-06-21,48
2026-09-07,success,True,rolling,2026-06-22,0
2026-09-07,success,True,rolling,2026-06-23,40
2026-09-07,success,True,rolling,2026-06-24,39
2026-09-07,success,True,rolling,2026-06-25,0
2026-09-07,success,True,rolling,2026-06-26,0
2026-09-07,success,True,rolling,2026-06-27,0
2026-09-07,success,True,rolling,2026-06-28,0
2026-09-07,success,True,rolling,2026-06-29,56
2026-09-07,success,True,rolling,2026-06-30,0
2026-09-07,success,True,rolling,2026-07-01,0
2026-09-07,success,True,rolling,2026-07-02,0
2026-09-07,success,True,rolling,2026-07-03,0
2026-09-07,success,True,rolling,2026-07-04,0
2026-09-07,success,True,rolling,2026-07-05,0
2026-09-07,success,True,rolling,2026-07-06,0
2026-09-07,success,True,rolling,2026-07-07,47
2026-09-07,success,True,rolling,2026-07-08,59
2026-09-07,success,True,rolling,2026-07-09,0
2026-09-07,success,True,rolling,2026-07-10,0
2026-09-07,success,True,rolling,2026-07-11,0
2026-09-07,success,True,rolling,2026-07-12,0
2026-09-07,success,True,rolling,2026-07-13,0
2026-09-07,success,True,rolling,2026-07-14,50
2026-09-07,success,True,rolling,2026-07-15,0
2026-09-07,success,True,rolling,2026-07-16,54
2026-09-07,success,True,rolling,2026-07-17,0
2026-09-07,success,True,rolling,2026-07-18,0
2026-09-07,success,True,rolling,2026-07-19,0
2026-09-07,success,True,rolling,2026-07-20,0
2026-09-07,success,True,rolling,2026-07-21,38
2026-09-07,success,True,rolling,2026-07-22,44
2026-09-07,success,True,rolling,2026-07-23,52
2026-09-07,success,True,rolling,2026-07-24,0
2026-09-07,success,True,rolling,2026-07-25,43
2026-09-07,success,True,rolling,2026-07-26,0
2026-09-07,success,True,rolling,2026-07-27,0
2026-09-07,success,True,rolling,2026-07-28,53
2026-09-07,success,True,rolling,2026-07-29,46
2026-09-07,success,True,rolling,2026-07-30,78
2026-09-07,success,True,rolling,2026-07-31,66
2026-09-07,success,True,rolling,2026-08-01,100
2026-09-07,success,True,rolling,2026-08-02,57
2026-09-07,success,True,rolling,2026-08-03,0
2026-09-07,success,True,rolling,2026-08-04,57
2026-09-07,success,True,rolling,2026-08-05,55
2026-09-07,success,True,rolling,2026-08-06,51
2026-09-07,success,True,rolling,2026-08-07,0
2026-09-07,success,True,rolling,2026-08-08,0
2026-09-07,success,True,rolling,2026-08-09,0
2026-09-07,success,True,rolling,2026-08-10,40
2026-09-07,success,True,rolling,2026-08-11,39
2026-09-07,success,True,rolling,2026-08-12,0
2026-09-07,success,True,rolling,2026-08-13,44
2026-09-07,success,True,rolling,2026-08-14,38
2026-09-07,success,True,rolling,2026-08-15,0
2026-09-07,success,True,rolling,2026-08-16,57
2026-09-07,success,True,rolling,2026-08-17,37
2026-09-07,success,True,rolling,2026-08-18,40
2026-09-07,success,True,rolling,2026-08-19,0
2026-09-07,success,True,rolling,2026-08-20,0
2026-09-07,success,True,rolling,2026-08-21,0
2026-09-07,success,True,rolling,2026-08-22,0
2026-09-07,success,True,rolling,2026-08-23,49
2026-09-07,success,True,rolling,2026-08-24,47
2026-09-07,success,True,rolling,2026-08-25,50
2026-09-07,success,True,rolling,2026-08-26,52
2026-09-07,success,True,rolling,2026-08-27,51
2026-09-07,success,True,rolling,2026-08-28,42
2026-09-07,success,True,rolling,2026-08-29,31
2026-09-07,success,True,rolling,2026-08-30,36
2026-09-07,success,True,rolling,2026-08-31,39
2026-09-07,success,True,rolling,2026-09-01,44
2026-09-07,success,True,rolling,2026-09-02,37
2026-09-07,success,True,rolling,2026-09-03,39
2026-09-07,success,True,rolling,2026-09-04,32
2026-09-07,success,True,rolling,2026-09-05,30
2026-09-07,success,True,rolling,2026-09-06,37
2026-09-07,success,True,rolling,2026-09-07,37
2026-09-08,success,True,rolling,2026-06-08,0
2026-09-08,success,True,rolling,2026-06-09,0
2026-09-08,success,True,rolling,2026-06-10,0
2026-09-08,success,True,rolling,2026-06-11,0
2026-09-08,success,True,rolling,2026-06-12,0
2026-09-08,success,True,rolling,2026-06-13,0
2026-09-08,success,True,rolling,2026-06-14,0
2026-09-08,success,True,rolling,2026-06-15,0
2026-09-08,success,True,rolling,2026-06-16,0
2026-09-08,success,True,rolling,2026-06-17,0
2026-09-08,success,True,rolling,2026-06-18,0
2026-09-08,success,True,rolling,2026-06-19,0
2026-09-08,success,True,rolling,2026-06-20,0
2026-09-08,success,True,rolling,2026-06-21,53
2026-09-08,success,True,rolling,2026-06-22,0
2026-09-08,success,True,rolling,2026-06-23,52
2026-09-08,success,True,rolling,2026-06-24,0
2026-09-08,success,True,rolling,2026-06-25,47
2026-09-08,success,True,rolling,2026-06-26,0
2026-09-08,success,True,rolling,2026-06-27,0
2026-09-08,success,True,rolling,2026-06-28,0
2026-09-08,success,True,rolling,2026-06-29,0
2026-09-08,success,True,rolling,2026-06-30,43
2026-09-08,success,True,rolling,2026-07-01,0
2026-09-08,success,True,rolling,2026-07-02,44
2026-09-08,success,True,rolling,2026-07-03,0
2026-09-08,success,True,rolling,2026-07-04,0
2026-09-08,success,True,rolling,2026-07-05,0
2026-09-08,success,True,rolling,2026-07-06,0
2026-09-08,success,True,rolling,2026-07-07,55
2026-09-08,success,True,rolling,2026-07-08,63
2026-09-08,success,True,rolling,2026-07-09,69
2026-09-08,success,True,rolling,2026-07-10,0
2026-09-08,success,True,rolling,2026-07-11,0
2026-09-08,success,True,rolling,2026-07-12,0
2026-09-08,success,True,rolling,2026-07-13,69
2026-09-08,success,True,rolling,2026-07-14,48
2026-09-08,success,True,rolling,2026-07-15,0
2026-09-08,success,True,rolling,2026-07-16,49
2026-09-08,success,True,rolling,2026-07-17,0
2026-09-08,success,True,rolling,2026-07-18,0
2026-09-08,success,True,rolling,2026-07-19,0
2026-09-08,success,True,rolling,2026-07-20,0
2026-09-08,success,True,rolling,2026-07-21,0
2026-09-08,success,True,rolling,2026-07-22,0
2026-09-08,success,True,rolling,2026-07-23,49
2026-09-08,success,True,rolling,2026-07-24,0
2026-09-08,success,True,rolling,2026-07-25,0
2026-09-08,success,True,rolling,2026-07-26,0
2026-09-08,success,True,rolling,2026-07-27,0
2026-09-08,success,True,rolling,2026-07-28,76
2026-09-08,success,True,rolling,2026-07-29,60
2026-09-08,success,True,rolling,2026-07-30,80
2026-09-08,success,True,rolling,2026-07-31,81
2026-09-08,success,True,rolling,2026-08-01,100
2026-09-08,success,True,rolling,2026-08-02,83
2026-09-08,success,True,rolling,2026-08-03,58
2026-09-08,success,True,rolling,2026-08-04,58
2026-09-08,success,True,rolling,2026-08-05,67
2026-09-08,success,True,rolling,2026-08-06,55
2026-09-08,success,True,rolling,2026-08-07,0
2026-09-08,success,True,rolling,2026-08-08,0
2026-09-08,success,True,rolling,2026-08-09,0
2026-09-08,success,True,rolling,2026-08-10,56
2026-09-08,success,True,rolling,2026-08-11,59
2026-09-08,success,True,rolling,2026-08-12,0
2026-09-08,success,True,rolling,2026-08-13,61
2026-09-08,success,True,rolling,2026-08-14,0
2026-09-08,success,True,rolling,2026-08-15,48
2026-09-08,success,True,rolling,2026-08-16,67
2026-09-08,success,True,rolling,2026-08-17,0
2026-09-08,success,True,rolling,2026-08-18,0
2026-09-08,success,True,rolling,2026-08-19,0
2026-09-08,success,True,rolling,2026-08-20,0
2026-09-08,success,True,rolling,2026-08-21,0
2026-09-08,success,True,rolling,2026-08-22,0
2026-09-08,success,True,rolling,2026-08-23,60
2026-09-08,success,True,rolling,2026-08-24,82
2026-09-08,success,True,rolling,2026-08-25,59
2026-09-08,success,True,rolling,2026-08-26,61
2026-09-08,success,True,rolling,2026-08-27,61
2026-09-08,success,True,rolling,2026-08-28,52
2026-09-08,success,True,rolling,2026-08-29,36
2026-09-08,success,True,rolling,2026-08-30,41
2026-09-08,success,True,rolling,2026-08-31,46
2026-09-08,success,True,rolling,2026-09-01,53
2026-09-08,success,True,rolling,2026-09-02,43
2026-09-08,success,True,rolling,2026-09-03,45
2026-09-08,success,True,rolling,2026-09-04,38
2026-09-08,success,True,rolling,2026-09-05,32
2026-09-08,success,True,rolling,2026-09-06,44
2026-09-08,success,True,rolling,2026-09-07,44
2026-09-08,success,True,rolling,2026-09-08,52
2026-09-09,success,True,rolling,2026-06-09,0
2026-09-09,success,True,rolling,2026-06-10,0
2026-09-09,success,True,rolling,2026-06-11,0
2026-09-09,success,True,rolling,2026-06-12,0
2026-09-09,success,True,rolling,2026-06-13,0
2026-09-09,success,True,rolling,2026-06-14,0
2026-09-09,success,True,rolling,2026-06-15,0
2026-09-09,success,True,rolling,2026-06-16,0
2026-09-09,success,True,rolling,2026-06-17,0
2026-09-09,success,True,rolling,2026-06-18,0
2026-09-09,success,True,rolling,2026-06-19,0
2026-09-09,success,True,rolling,2026-06-20,0
2026-09-09,success,True,rolling,2026-06-21,0
2026-09-09,success,True,rolling,2026-06-22,0
2026-09-09,success,True,rolling,2026-06-23,0
2026-09-09,success,True,rolling,2026-06-24,0
2026-09-09,success,True,rolling,2026-06-25,50
2026-09-09,success,True,rolling,2026-06-26,0
2026-09-09,success,True,rolling,2026-06-27,0
2026-09-09,success,True,rolling,2026-06-28,0
2026-09-09,success,True,rolling,2026-06-29,0
2026-09-09,success,True,rolling,2026-06-30,46
2026-09-09,success,True,rolling,2026-07-01,0
2026-09-09,success,True,rolling,2026-07-02,46
2026-09-09,success,True,rolling,2026-07-03,0
2026-09-09,success,True,rolling,2026-07-04,0
2026-09-09,success,True,rolling,2026-07-05,0
2026-09-09,success,True,rolling,2026-07-06,0
2026-09-09,success,True,rolling,2026-07-07,45
2026-09-09,success,True,rolling,2026-07-08,74
2026-09-09,success,True,rolling,2026-07-09,55
2026-09-09,success,True,rolling,2026-07-10,0
2026-09-09,success,True,rolling,2026-07-11,0
2026-09-09,success,True,rolling,2026-07-12,58
2026-09-09,success,True,rolling,2026-07-13,62
2026-09-09,success,True,rolling,2026-07-14,43
2026-09-09,success,True,rolling,2026-07-15,0
2026-09-09,success,True,rolling,2026-07-16,0
2026-09-09,success,True,rolling,2026-07-17,0
2026-09-09,success,True,rolling,2026-07-18,0
2026-09-09,success,True,rolling,2026-07-19,0
2026-09-09,success,True,rolling,2026-07-20,0
2026-09-09,success,True,rolling,2026-07-21,0
2026-09-09,success,True,rolling,2026-07-22,50
2026-09-09,success,True,rolling,2026-07-23,0
2026-09-09,success,True,rolling,2026-07-24,0
2026-09-09,success,True,rolling,2026-07-25,0
2026-09-09,success,True,rolling,2026-07-26,0
2026-09-09,success,True,rolling,2026-07-27,0
2026-09-09,success,True,rolling,2026-07-28,72
2026-09-09,success,True,rolling,2026-07-29,61
2026-09-09,success,True,rolling,2026-07-30,100
2026-09-09,success,True,rolling,2026-07-31,55
2026-09-09,success,True,rolling,2026-08-01,83
2026-09-09,success,True,rolling,2026-08-02,77
2026-09-09,success,True,rolling,2026-08-03,51
2026-09-09,success,True,rolling,2026-08-04,70
2026-09-09,success,True,rolling,2026-08-05,67
2026-09-09,success,True,rolling,2026-08-06,58
2026-09-09,success,True,rolling,2026-08-07,0
2026-09-09,success,True,rolling,2026-08-08,0
2026-09-09,success,True,rolling,2026-08-09,0
2026-09-09,success,True,rolling,2026-08-10,54
2026-09-09,success,True,rolling,2026-08-11,0
2026-09-09,success,True,rolling,2026-08-12,0
2026-09-09,success,True,rolling,2026-08-13,57
2026-09-09,success,True,rolling,2026-08-14,0
2026-09-09,success,True,rolling,2026-08-15,0
2026-09-09,success,True,rolling,2026-08-16,69
2026-09-09,success,True,rolling,2026-08-17,42
2026-09-09,success,True,rolling,2026-08-18,41
2026-09-09,success,True,rolling,2026-08-19,0
2026-09-09,success,True,rolling,2026-08-20,0
2026-09-09,success,True,rolling,2026-08-21,50
2026-09-09,success,True,rolling,2026-08-22,0
2026-09-09,success,True,rolling,2026-08-23,57
2026-09-09,success,True,rolling,2026-08-24,88
2026-09-09,success,True,rolling,2026-08-25,74
2026-09-09,success,True,rolling,2026-08-26,60
2026-09-09,success,True,rolling,2026-08-27,61
2026-09-09,success,True,rolling,2026-08-28,52
2026-09-09,success,True,rolling,2026-08-29,38
2026-09-09,success,True,rolling,2026-08-30,42
2026-09-09,success,True,rolling,2026-08-31,46
2026-09-09,success,True,rolling,2026-09-01,51
2026-09-09,success,True,rolling,2026-09-02,44
2026-09-09,success,True,rolling,2026-09-03,46
2026-09-09,success,True,rolling,2026-09-04,39
2026-09-09,success,True,rolling,2026-09-05,33
2026-09-09,success,True,rolling,2026-09-06,44
2026-09-09,success,True,rolling,2026-09-07,41
2026-09-09,success,True,rolling,2026-09-08,50
2026-09-09,success,True,rolling,2026-09-09,50
2026-09-10,success,True,rolling,2026-06-10,0
2026-09-10,success,True,rolling,2026-06-11,0
2026-09-10,success,True,rolling,2026-06-12,0
2026-09-10,success,True,rolling,2026-06-13,0
2026-09-10,success,True,rolling,2026-06-14,0
2026-09-10,success,True,rolling,2026-06-15,0
2026-09-10,success,True,rolling,2026-06-16,0
2026-09-10,success,True,rolling,2026-06-17,0
2026-09-10,success,True,rolling,2026-06-18,0
2026-09-10,success,True,rolling,2026-06-19,0
2026-09-10,success,True,rolling,2026-06-20,0
2026-09-10,success,True,rolling,2026-06-21,0
2026-09-10,success,True,rolling,2026-06-22,47
2026-09-10,success,True,rolling,2026-06-23,48
2026-09-10,success,True,rolling,2026-06-24,0
2026-09-10,success,True,rolling,2026-06-25,50
2026-09-10,success,True,rolling,2026-06-26,0
2026-09-10,success,True,rolling,2026-06-27,0
2026-09-10,success,True,rolling,2026-06-28,0
2026-09-10,success,True,rolling,2026-06-29,0
2026-09-10,success,True,rolling,2026-06-30,48
2026-09-10,success,True,rolling,2026-07-01,0
2026-09-10,success,True,rolling,2026-07-02,0
2026-09-10,success,True,rolling,2026-07-03,0
2026-09-10,success,True,rolling,2026-07-04,0
2026-09-10,success,True,rolling,2026-07-05,36
2026-09-10,success,True,rolling,2026-07-06,0
2026-09-10,success,True,rolling,2026-07-07,41
2026-09-10,success,True,rolling,2026-07-08,47
2026-09-10,success,True,rolling,2026-07-09,44
2026-09-10,success,True,rolling,2026-07-10,0
2026-09-10,success,True,rolling,2026-07-11,0
2026-09-10,success,True,rolling,2026-07-12,43
2026-09-10,success,True,rolling,2026-07-13,58
2026-09-10,success,True,rolling,2026-07-14,35
2026-09-10,success,True,rolling,2026-07-15,51
2026-09-10,success,True,rolling,2026-07-16,46
2026-09-10,success,True,rolling,2026-07-17,62
2026-09-10,success,True,rolling,2026-07-18,0
2026-09-10,success,True,rolling,2026-07-19,0
2026-09-10,success,True,rolling,2026-07-20,0
2026-09-10,success,True,rolling,2026-07-21,0
2026-09-10,success,True,rolling,2026-07-22,48
2026-09-10,success,True,rolling,2026-07-23,0
2026-09-10,success,True,rolling,2026-07-24,0
2026-09-10,success,True,rolling,2026-07-25,41
2026-09-10,success,True,rolling,2026-07-26,49
2026-09-10,success,True,rolling,2026-07-27,0
2026-09-10,success,True,rolling,2026-07-28,54
2026-09-10,success,True,rolling,2026-07-29,42
2026-09-10,success,True,rolling,2026-07-30,97
2026-09-10,success,True,rolling,2026-07-31,65
2026-09-10,success,True,rolling,2026-08-01,100
2026-09-10,success,True,rolling,2026-08-02,58
2026-09-10,success,True,rolling,2026-08-03,59
2026-09-10,success,True,rolling,2026-08-04,40
2026-09-10,success,True,rolling,2026-08-05,49
2026-09-10,success,True,rolling,2026-08-06,46
2026-09-10,success,True,rolling,2026-08-07,0
2026-09-10,success,True,rolling,2026-08-08,0
2026-09-10,success,True,rolling,2026-08-09,0
2026-09-10,success,True,rolling,2026-08-10,41
2026-09-10,success,True,rolling,2026-08-11,0
2026-09-10,success,True,rolling,2026-08-12,37
2026-09-10,success,True,rolling,2026-08-13,59
2026-09-10,success,True,rolling,2026-08-14,0
2026-09-10,success,True,rolling,2026-08-15,0
2026-09-10,success,True,rolling,2026-08-16,52
2026-09-10,success,True,rolling,2026-08-17,0
2026-09-10,success,True,rolling,2026-08-18,39
2026-09-10,success,True,rolling,2026-08-19,0
2026-09-10,success,True,rolling,2026-08-20,0
2026-09-10,success,True,rolling,2026-08-21,60
2026-09-10,success,True,rolling,2026-08-22,0
2026-09-10,success,True,rolling,2026-08-23,44
2026-09-10,success,True,rolling,2026-08-24,66
2026-09-10,success,True,rolling,2026-08-25,66
2026-09-10,success,True,rolling,2026-08-26,83
2026-09-10,success,True,rolling,2026-08-27,49
2026-09-10,success,True,rolling,2026-08-28,40
2026-09-10,success,True,rolling,2026-08-29,30
2026-09-10,success,True,rolling,2026-08-30,35
2026-09-10,success,True,rolling,2026-08-31,39
2026-09-10,success,True,rolling,2026-09-01,43
2026-09-10,success,True,rolling,2026-09-02,36
2026-09-10,success,True,rolling,2026-09-03,37
2026-09-10,success,True,rolling,2026-09-04,33
2026-09-10,success,True,rolling,2026-09-05,29
2026-09-10,success,True,rolling,2026-09-06,38
2026-09-10,success,True,rolling,2026-09-07,36
2026-09-10,success,True,rolling,2026-09-08,41
2026-09-10,success,True,rolling,2026-09-09,41
2026-09-10,success,True,rolling,2026-09-10,41
2026-09-11,success,True,rolling,2026-06-11,0
2026-09-11,success,True,rolling,2026-06-12,0
2026-09-11,success,True,rolling,2026-06-13,0
2026-09-11,success,True,rolling,2026-06-14,0
2026-09-11,success,True,rolling,2026-06-15,0
2026-09-11,success,True,rolling,2026-06-16,0
2026-09-11,success,True,rolling,2026-06-17,58
2026-09-11,success,True,rolling,2026-06-18,0
2026-09-11,success,True,rolling,2026-06-19,0
2026-09-11,success,True,rolling,2026-06-20,0
2026-09-11,success,True,rolling,2026-06-21,0
2026-09-11,success,True,rolling,2026-06-22,0
2026-09-11,success,True,rolling,2026-06-23,63
2026-09-11,success,True,rolling,2026-06-24,0
2026-09-11,success,True,rolling,2026-06-25,0
2026-09-11,success,True,rolling,2026-06-26,0
2026-09-11,success,True,rolling,2026-06-27,0
2026-09-11,success,True,rolling,2026-06-28,0
2026-09-11,success,True,rolling,2026-06-29,0
2026-09-11,success,True,rolling,2026-06-30,0
2026-09-11,success,True,rolling,2026-07-01,0
2026-09-11,success,True,rolling,2026-07-02,0
2026-09-11,success,True,rolling,2026-07-03,0
2026-09-11,success,True,rolling,2026-07-04,0
2026-09-11,success,True,rolling,2026-07-05,0
2026-09-11,success,True,rolling,2026-07-06,0
2026-09-11,success,True,rolling,2026-07-07,63
2026-09-11,success,True,rolling,2026-07-08,71
2026-09-11,success,True,rolling,2026-07-09,66
2026-09-11,success,True,rolling,2026-07-10,0
2026-09-11,success,True,rolling,2026-07-11,0
2026-09-11,success,True,rolling,2026-07-12,0
2026-09-11,success,True,rolling,2026-07-13,69
2026-09-11,success,True,rolling,2026-07-14,75
2026-09-11,success,True,rolling,2026-07-15,79
2026-09-11,success,True,rolling,2026-07-16,67
2026-09-11,success,True,rolling,2026-07-17,0
2026-09-11,success,True,rolling,2026-07-18,0
2026-09-11,success,True,rolling,2026-07-19,0
2026-09-11,success,True,rolling,2026-07-20,0
2026-09-11,success,True,rolling,2026-07-21,0
2026-09-11,success,True,rolling,2026-07-22,54
2026-09-11,success,True,rolling,2026-07-23,0
2026-09-11,success,True,rolling,2026-07-24,0
2026-09-11,success,True,rolling,2026-07-25,0
2026-09-11,success,True,rolling,2026-07-26,83
2026-09-11,success,True,rolling,2026-07-27,0
2026-09-11,success,True,rolling,2026-07-28,65
2026-09-11,success,True,rolling,2026-07-29,62
2026-09-11,success,True,rolling,2026-07-30,88
2026-09-11,success,True,rolling,2026-07-31,75
2026-09-11,success,True,rolling,2026-08-01,72
2026-09-11,success,True,rolling,2026-08-02,79
2026-09-11,success,True,rolling,2026-08-03,51
2026-09-11,success,True,rolling,2026-08-04,74
2026-09-11,success,True,rolling,2026-08-05,73
2026-09-11,success,True,rolling,2026-08-06,50
2026-09-11,success,True,rolling,2026-08-07,0
2026-09-11,success,True,rolling,2026-08-08,0
2026-09-11,success,True,rolling,2026-08-09,0
2026-09-11,success,True,rolling,2026-08-10,44
2026-09-11,success,True,rolling,2026-08-11,48
2026-09-11,success,True,rolling,2026-08-12,47
2026-09-11,success,True,rolling,2026-08-13,75
2026-09-11,success,True,rolling,2026-08-14,0
2026-09-11,success,True,rolling,2026-08-15,0
2026-09-11,success,True,rolling,2026-08-16,73
2026-09-11,success,True,rolling,2026-08-17,0
2026-09-11,success,True,rolling,2026-08-18,53
2026-09-11,success,True,rolling,2026-08-19,44
2026-09-11,success,True,rolling,2026-08-20,0
2026-09-11,success,True,rolling,2026-08-21,0
2026-09-11,success,True,rolling,2026-08-22,0
2026-09-11,success,True,rolling,2026-08-23,57
2026-09-11,success,True,rolling,2026-08-24,100
2026-09-11,success,True,rolling,2026-08-25,70
2026-09-11,success,True,rolling,2026-08-26,79
2026-09-11,success,True,rolling,2026-08-27,0
2026-09-11,success,True,rolling,2026-08-28,54
2026-09-11,success,True,rolling,2026-08-29,37
2026-09-11,success,True,rolling,2026-08-30,43
2026-09-11,success,True,rolling,2026-08-31,48
2026-09-11,success,True,rolling,2026-09-01,54
2026-09-11,success,True,rolling,2026-09-02,48
2026-09-11,success,True,rolling,2026-09-03,48
2026-09-11,success,True,rolling,2026-09-04,41
2026-09-11,success,True,rolling,2026-09-05,36
2026-09-11,success,True,rolling,2026-09-06,47
2026-09-11,success,True,rolling,2026-09-07,46
2026-09-11,success,True,rolling,2026-09-08,52
2026-09-11,success,True,rolling,2026-09-09,52
2026-09-11,success,True,rolling,2026-09-10,50
2026-09-11,success,True,rolling,2026-09-11,53
2026-09-12,success,True,rolling,2026-06-12,0
2026-09-12,success,True,rolling,2026-06-13,0
2026-09-12,success,True,rolling,2026-06-14,0
2026-09-12,success,True,rolling,2026-06-15,0
2026-09-12,success,True,rolling,2026-06-16,0
2026-09-12,success,True,rolling,2026-06-17,0
2026-09-12,success,True,rolling,2026-06-18,0
2026-09-12,success,True,rolling,2026-06-19,0
2026-09-12,success,True,rolling,2026-06-20,0
2026-09-12,success,True,rolling,2026-06-21,0
2026-09-12,success,True,rolling,2026-06-22,0
2026-09-12,success,True,rolling,2026-06-23,0
2026-09-12,success,True,rolling,2026-06-24,0
2026-09-12,success,True,rolling,2026-06-25,0
2026-09-12,success,True,rolling,2026-06-26,0
2026-09-12,success,True,rolling,2026-06-27,0
2026-09-12,success,True,rolling,2026-06-28,0
2026-09-12,success,True,rolling,2026-06-29,43
2026-09-12,success,True,rolling,2026-06-30,41
2026-09-12,success,True,rolling,2026-07-01,0
2026-09-12,success,True,rolling,2026-07-02,43
2026-09-12,success,True,rolling,2026-07-03,0
2026-09-12,success,True,rolling,2026-07-04,0
2026-09-12,success,True,rolling,2026-07-05,0
2026-09-12,success,True,rolling,2026-07-06,0
2026-09-12,success,True,rolling,2026-07-07,59
2026-09-12,success,True,rolling,2026-07-08,60
2026-09-12,success,True,rolling,2026-07-09,56
2026-09-12,success,True,rolling,2026-07-10,0
2026-09-12,success,True,rolling,2026-07-11,0
2026-09-12,success,True,rolling,2026-07-12,83
2026-09-12,success,True,rolling,2026-07-13,64
2026-09-12,success,True,rolling,2026-07-14,44
2026-09-12,success,True,rolling,2026-07-15,0
2026-09-12,success,True,rolling,2026-07-16,43
2026-09-12,success,True,rolling,2026-07-17,0
2026-09-12,success,True,rolling,2026-07-18,0
2026-09-12,success,True,rolling,2026-07-19,0
2026-09-12,success,True,rolling,2026-07-20,0
2026-09-12,success,True,rolling,2026-07-21,46
2026-09-12,success,True,rolling,2026-07-22,51
2026-09-12,success,True,rolling,2026-07-23,48
2026-09-12,success,True,rolling,2026-07-24,48
2026-09-12,success,True,rolling,2026-07-25,0
2026-09-12,success,True,rolling,2026-07-26,0
2026-09-12,success,True,rolling,2026-07-27,0
2026-09-12,success,True,rolling,2026-07-28,55
2026-09-12,success,True,rolling,2026-07-29,100
2026-09-12,success,True,rolling,2026-07-30,88
2026-09-12,success,True,rolling,2026-07-31,70
2026-09-12,success,True,rolling,2026-08-01,81
2026-09-12,success,True,rolling,2026-08-02,77
2026-09-12,success,True,rolling,2026-08-03,46
2026-09-12,success,True,rolling,2026-08-04,64
2026-09-12,success,True,rolling,2026-08-05,61
2026-09-12,success,True,rolling,2026-08-06,59
2026-09-12,success,True,rolling,2026-08-07,0
2026-09-12,success,True,rolling,2026-08-08,0
2026-09-12,success,True,rolling,2026-08-09,0
2026-09-12,success,True,rolling,2026-08-10,53
2026-09-12,success,True,rolling,2026-08-11,62
2026-09-12,success,True,rolling,2026-08-12,44
2026-09-12,success,True,rolling,2026-08-13,69
2026-09-12,success,True,rolling,2026-08-14,0
2026-09-12,success,True,rolling,2026-08-15,75
2026-09-12,success,True,rolling,2026-08-16,73
2026-09-12,success,True,rolling,2026-08-17,0
2026-09-12,success,True,rolling,2026-08-18,47
2026-09-12,success,True,rolling,2026-08-19,0
2026-09-12,success,True,rolling,2026-08-20,0
2026-09-12,success,True,rolling,2026-08-21,0
2026-09-12,success,True,rolling,2026-08-22,0
2026-09-12,success,True,rolling,2026-08-23,54
2026-09-12,success,True,rolling,2026-08-24,75
2026-09-12,success,True,rolling,2026-08-25,54
2026-09-12,success,True,rolling,2026-08-26,80
2026-09-12,success,True,rolling,2026-08-27,0
2026-09-12,success,True,rolling,2026-08-28,0
2026-09-12,success,True,rolling,2026-08-29,34
2026-09-12,success,True,rolling,2026-08-30,39
2026-09-12,success,True,rolling,2026-08-31,45
2026-09-12,success,True,rolling,2026-09-01,49
2026-09-12,success,True,rolling,2026-09-02,43
2026-09-12,success,True,rolling,2026-09-03,43
2026-09-12,success,True,rolling,2026-09-04,36
2026-09-12,success,True,rolling,2026-09-05,32
2026-09-12,success,True,rolling,2026-09-06,42
2026-09-12,success,True,rolling,2026-09-07,41
2026-09-12,success,True,rolling,2026-09-08,46
2026-09-12,success,True,rolling,2026-09-09,46
2026-09-12,success,True,rolling,2026-09-10,43
2026-09-12,success,True,rolling,2026-09-11,52
2026-09-12,success,True,rolling,2026-09-12,48
2026-09-13,success,True,rolling,2026-06-13,0
2026-09-13,success,True,rolling,2026-06-14,0
2026-09-13,success,True,rolling,2026-06-15,0
2026-09-13,success,True,rolling,2026-06-16,0
2026-09-13,success,True,rolling,2026-06-17,0
2026-09-13,success,True,rolling,2026-06-18,0
2026-09-13,success,True,rolling,2026-06-19,0
2026-09-13,success,True,rolling,2026-06-20,0
2026-09-13,success,True,rolling,2026-06-21,0
2026-09-13,success,True,rolling,2026-06-22,66
2026-09-13,success,True,rolling,2026-06-23,0
2026-09-13,success,True,rolling,2026-06-24,42
2026-09-13,success,True,rolling,2026-06-25,70
2026-09-13,success,True,rolling,2026-06-26,0
2026-09-13,success,True,rolling,2026-06-27,0
2026-09-13,success,True,rolling,2026-06-28,0
2026-09-13,success,True,rolling,2026-06-29,0
2026-09-13,success,True,rolling,2026-06-30,0
2026-09-13,success,True,rolling,2026-07-01,0
2026-09-13,success,True,rolling,2026-07-02,0
2026-09-13,success,True,rolling,2026-07-03,0
2026-09-13,success,True,rolling,2026-07-04,0
2026-09-13,success,True,rolling,2026-07-05,0
2026-09-13,success,True,rolling,2026-07-06,0
2026-09-13,success,True,rolling,2026-07-07,0
2026-09-13,success,True,rolling,2026-07-08,71
2026-09-13,success,True,rolling,2026-07-09,66
2026-09-13,success,True,rolling,2026-07-10,0
2026-09-13,success,True,rolling,2026-07-11,0
2026-09-13,success,True,rolling,2026-07-12,51
2026-09-13,success,True,rolling,2026-07-13,52
2026-09-13,success,True,rolling,2026-07-14,44
2026-09-13,success,True,rolling,2026-07-15,0
2026-09-13,success,True,rolling,2026-07-16,54
2026-09-13,success,True,rolling,2026-07-17,0
2026-09-13,success,True,rolling,2026-07-18,0
2026-09-13,success,True,rolling,2026-07-19,0
2026-09-13,success,True,rolling,2026-07-20,0
2026-09-13,success,True,rolling,2026-07-21,0
2026-09-13,success,True,rolling,2026-07-22,47
2026-09-13,success,True,rolling,2026-07-23,0
2026-09-13,success,True,rolling,2026-07-24,0
2026-09-13,success,True,rolling,2026-07-25,56
2026-09-13,success,True,rolling,2026-07-26,69
2026-09-13,success,True,rolling,2026-07-27,0
2026-09-13,success,True,rolling,2026-07-28,70
2026-09-13,success,True,rolling,2026-07-29,55
2026-09-13,success,True,rolling,2026-07-30,100
2026-09-13,success,True,rolling,2026-07-31,71
2026-09-13,success,True,rolling,2026-08-01,92
2026-09-13,success,True,rolling,2026-08-02,61
2026-09-13,success,True,rolling,2026-08-03,66
2026-09-13,success,True,rolling,2026-08-04,71
2026-09-13,success,True,rolling,2026-08-05,74
2026-09-13,success,True,rolling,2026-08-06,0
2026-09-13,success,True,rolling,2026-08-07,0
2026-09-13,success,True,rolling,2026-08-08,0
2026-09-13,success,True,rolling,2026-08-09,0
2026-09-13,success,True,rolling,2026-08-10,65
2026-09-13,success,True,rolling,2026-08-11,49
2026-09-13,success,True,rolling,2026-08-12,0
2026-09-13,success,True,rolling,2026-08-13,90
2026-09-13,success,True,rolling,2026-08-14,0
2026-09-13,success,True,rolling,2026-08-15,0
2026-09-13,success,True,rolling,2026-08-16,72
2026-09-13,success,True,rolling,2026-08-17,0
2026-09-13,success,True,rolling,2026-08-18,55
2026-09-13,success,True,rolling,2026-08-19,0
2026-09-13,success,True,rolling,2026-08-20,0
2026-09-13,success,True,rolling,2026-08-21,0
2026-09-13,success,True,rolling,2026-08-22,0
2026-09-13,success,True,rolling,2026-08-23,65
2026-09-13,success,True,rolling,2026-08-24,73
2026-09-13,success,True,rolling,2026-08-25,49
2026-09-13,success,True,rolling,2026-08-26,54
2026-09-13,success,True,rolling,2026-08-27,0
2026-09-13,success,True,rolling,2026-08-28,0
2026-09-13,success,True,rolling,2026-08-29,0
2026-09-13,success,True,rolling,2026-08-30,40
2026-09-13,success,True,rolling,2026-08-31,45
2026-09-13,success,True,rolling,2026-09-01,50
2026-09-13,success,True,rolling,2026-09-02,43
2026-09-13,success,True,rolling,2026-09-03,45
2026-09-13,success,True,rolling,2026-09-04,37
2026-09-13,success,True,rolling,2026-09-05,33
2026-09-13,success,True,rolling,2026-09-06,43
2026-09-13,success,True,rolling,2026-09-07,42
2026-09-13,success,True,rolling,2026-09-08,47
2026-09-13,success,True,rolling,2026-09-09,46
2026-09-13,success,True,rolling,2026-09-10,46
2026-09-13,success,True,rolling,2026-09-11,54
2026-09-13,success,True,rolling,2026-09-12,54
2026-09-13,success,True,rolling,2026-09-13,43
